<?xml version="1.0" encoding="UTF-8"?>
<root>
  <registro>
    <dispID>dispID</dispID>
    <apertura>apertura</apertura>
    <nivel>nivel</nivel>
    <caudal>caudal</caudal>
  </registro>
  <registro>
    <dispID>2</dispID>
    <apertura>27</apertura>
    <nivel>medio</nivel>
    <caudal>42.98</caudal>
  </registro>
  <registro>
    <dispID>2</dispID>
    <apertura>36</apertura>
    <nivel>medio</nivel>
    <caudal>25.37</caudal>
  </registro>
  <registro>
    <dispID>2</dispID>
    <apertura>84</apertura>
    <nivel>medio</nivel>
    <caudal>39.59</caudal>
  </registro>
  <registro>
    <dispID>2</dispID>
    <apertura>83</apertura>
    <nivel>bajo</nivel>
    <caudal>84.61</caudal>
  </registro>
  <registro>
    <dispID>2</dispID>
    <apertura>92</apertura>
    <nivel>alto</nivel>
    <caudal>6.6</caudal>
  </registro>
  <registro>
    <dispID>2</dispID>
    <apertura>23</apertura>
    <nivel>alto</nivel>
    <caudal>8.01</caudal>
  </registro>
  <registro>
    <dispID>2</dispID>
    <apertura>78</apertura>
    <nivel>bajo</nivel>
    <caudal>56.00</caudal>
  </registro>
  <registro>
    <dispID>2</dispID>
    <apertura>45</apertura>
    <nivel>alto</nivel>
    <caudal>22.44</caudal>
  </registro>
  <registro>
    <dispID>2</dispID>
    <apertura>55</apertura>
    <nivel>bajo</nivel>
    <caudal>61.44</caudal>
  </registro>
  <registro>
    <dispID>2</dispID>
    <apertura>12</apertura>
    <nivel>medio</nivel>
    <caudal>16.86</caudal>
  </registro>
  <registro>
    <dispID>2</dispID>
    <apertura>34</apertura>
    <nivel>medio</nivel>
    <caudal>87.0</caudal>
  </registro>
  <registro>
    <dispID>2</dispID>
    <apertura>91</apertura>
    <nivel>alto</nivel>
    <caudal>6.77</caudal>
  </registro>
  <registro>
    <dispID>2</dispID>
    <apertura>86</apertura>
    <nivel>alto</nivel>
    <caudal>95.37</caudal>
  </registro>
  <registro>
    <dispID>2</dispID>
    <apertura>14</apertura>
    <nivel>medio</nivel>
    <caudal>96.37</caudal>
  </registro>
  <registro>
    <dispID>2</dispID>
    <apertura>65</apertura>
    <nivel>medio</nivel>
    <caudal>86.09</caudal>
  </registro>
  <registro>
    <dispID>2</dispID>
    <apertura>20</apertura>
    <nivel>medio</nivel>
    <caudal>0.25</caudal>
  </registro>
  <registro>
    <dispID>2</dispID>
    <apertura>78</apertura>
    <nivel>bajo</nivel>
    <caudal>90.13</caudal>
  </registro>
</root>
