<?xml version="1.0" encoding="UTF-8"?>
<root>
  <registro>
    <dispID>dispID</dispID>
    <apertura>apertura</apertura>
    <nivel>nivel</nivel>
    <caudal>caudal</caudal>
  </registro>
  <registro>
    <dispID>2</dispID>
    <apertura>11</apertura>
    <nivel>alto</nivel>
    <caudal>33.78</caudal>
  </registro>
  <registro>
    <dispID>2</dispID>
    <apertura>52</apertura>
    <nivel>medio</nivel>
    <caudal>40.48</caudal>
  </registro>
  <registro>
    <dispID>2</dispID>
    <apertura>5</apertura>
    <nivel>medio</nivel>
    <caudal>20.97</caudal>
  </registro>
  <registro>
    <dispID>2</dispID>
    <apertura>66</apertura>
    <nivel>medio</nivel>
    <caudal>56.51</caudal>
  </registro>
  <registro>
    <dispID>2</dispID>
    <apertura>28</apertura>
    <nivel>alto</nivel>
    <caudal>29.95</caudal>
  </registro>
  <registro>
    <dispID>2</dispID>
    <apertura>67</apertura>
    <nivel>medio</nivel>
    <caudal>78.98</caudal>
  </registro>
  <registro>
    <dispID>2</dispID>
    <apertura>66</apertura>
    <nivel>medio</nivel>
    <caudal>4.39</caudal>
  </registro>
  <registro>
    <dispID>2</dispID>
    <apertura>10</apertura>
    <nivel>medio</nivel>
    <caudal>80.10</caudal>
  </registro>
  <registro>
    <dispID>2</dispID>
    <apertura>71</apertura>
    <nivel>bajo</nivel>
    <caudal>14.01</caudal>
  </registro>
  <registro>
    <dispID>2</dispID>
    <apertura>44</apertura>
    <nivel>bajo</nivel>
    <caudal>6.53</caudal>
  </registro>
  <registro>
    <dispID>2</dispID>
    <apertura>91</apertura>
    <nivel>medio</nivel>
    <caudal>26.49</caudal>
  </registro>
  <registro>
    <dispID>2</dispID>
    <apertura>69</apertura>
    <nivel>bajo</nivel>
    <caudal>65.00</caudal>
  </registro>
</root>
